<linker>
	<assembly fullname="UnityEngine">
		<type fullname="UnityEngine.Object" preserve="nothing"/>
		<type fullname="UnityEditor.UnityConnectSettings" preserve="nothing"/>
		<type fullname="UnityEditor.VFXManager" preserve="nothing"/>
		<type fullname="UnityEditor.PlayerSettings" preserve="nothing"/>
		<type fullname="UnityEngine.Material" preserve="nothing"/>
		<type fullname="UnityEngine.TextAsset" preserve="nothing"/>
		<type fullname="UnityEngine.Shader" preserve="nothing"/>
		<type fullname="UnityEditor.MonoScript" preserve="nothing"/>
		<type fullname="UnityEditor.AudioManager" preserve="nothing"/>
		<type fullname="UnityEditor.PhysicsManager" preserve="nothing"/>
		<type fullname="UnityEditor.TimeManager" preserve="nothing"/>
		<type fullname="UnityEditor.InputManager" preserve="nothing"/>
		<type fullname="UnityEditor.TagManager" preserve="nothing"/>
		<type fullname="UnityEditor.MonoManager" preserve="nothing"/>
		<type fullname="UnityEngine.Rendering.GraphicsSettings" preserve="nothing"/>
		<type fullname="UnityEngine.QualitySettings" preserve="nothing"/>
		<type fullname="UnityEditor.Physics2DSettings" preserve="nothing"/>
		<type fullname="UnityEngine.AnimationClip" preserve="nothing"/>
		<type fullname="UnityEngine.MeshRenderer" preserve="nothing"/>
		<type fullname="UnityEngine.AudioBehaviour" preserve="nothing"/>
		<type fullname="UnityEngine.BoxCollider2D" preserve="nothing"/>
		<type fullname="UnityEngine.TextMesh" preserve="nothing"/>
		<type fullname="UnityEngine.Canvas" preserve="nothing"/>
		<type fullname="UnityEngine.RectTransform" preserve="nothing"/>
		<type fullname="UnityEngine.Animator" preserve="nothing"/>
		<type fullname="UnityEngine.RuntimeAnimatorController" preserve="nothing"/>
		<type fullname="UnityEngine.Motion" preserve="nothing"/>
		<type fullname="UnityEditor.Animations.AnimatorController" preserve="nothing"/>
		<type fullname="UnityEngine.LightmapSettings" preserve="nothing"/>
		<type fullname="UnityEngine.Sprite" preserve="nothing"/>
		<type fullname="UnityEngine.ParticleSystem" preserve="nothing"/>
		<type fullname="UnityEngine.Texture2D" preserve="nothing"/>
		<type fullname="UnityEngine.Renderer" preserve="nothing"/>
		<type fullname="UnityEngine.CanvasGroup" preserve="nothing"/>
		<type fullname="UnityEngine.Behaviour" preserve="nothing"/>
		<type fullname="UnityEngine.MonoBehaviour" preserve="nothing"/>
		<type fullname="UnityEngine.Transform" preserve="nothing"/>
		<type fullname="UnityEngine.Component" preserve="nothing"/>
		<type fullname="UnityEngine.GameObject" preserve="nothing"/>
		<type fullname="UnityEngine.RenderSettings" preserve="nothing"/>
		<type fullname="UnityEngine.AudioClip" preserve="nothing"/>
		<type fullname="UnityEngine.AudioSource" preserve="nothing"/>
		<type fullname="UnityEngine.AudioListener" preserve="nothing"/>
		<type fullname="UnityEngine.Font" preserve="nothing"/>
		<type fullname="UnityEngine.CanvasRenderer" preserve="nothing"/>
		<type fullname="UnityEngine.Texture" preserve="nothing"/>
		<type fullname="UnityEngine.Camera" preserve="nothing"/>
		<type fullname="UnityEngine.Mesh" preserve="nothing"/>
		<type fullname="UnityEngine.Collider2D" preserve="nothing"/>
		<type fullname="UnityEngine.ParticleSystemRenderer" preserve="nothing"/>
	</assembly>
	<assembly fullname="Assembly-CSharp">
		<type fullname="Assets.Wordis.BlockPuzzle.Scripts.Common.CanvasScaleHandler" preserve="nothing"/>
		<type fullname="Assets.Wordis.BlockPuzzle.Scripts.Common.DontDestroyOnLoad" preserve="nothing"/>
		<type fullname="Assets.Wordis.BlockPuzzle.Scripts.Controller.AudioController" preserve="nothing"/>
		<type fullname="Assets.Wordis.BlockPuzzle.Scripts.Controller.BackgroundMusic" preserve="nothing"/>
		<type fullname="Assets.Wordis.BlockPuzzle.Scripts.Controller.CurrencyManager" preserve="nothing"/>
		<type fullname="Assets.Wordis.BlockPuzzle.Scripts.Controller.HBIAPListener" preserve="nothing"/>
		<type fullname="Assets.Wordis.BlockPuzzle.Scripts.Controller.ProfileManager" preserve="nothing"/>
		<type fullname="Assets.Wordis.BlockPuzzle.Scripts.Controller.SessionManager" preserve="nothing"/>
		<type fullname="Assets.Wordis.BlockPuzzle.Scripts.Controller.UIController" preserve="nothing"/>
		<type fullname="Assets.Wordis.BlockPuzzle.Scripts.Controller.UIFeedback" preserve="nothing"/>
		<type fullname="Assets.Wordis.BlockPuzzle.Scripts.EffectUtils.GemsRewardAnimationPlacer" preserve="nothing"/>
		<type fullname="Assets.Wordis.BlockPuzzle.Scripts.EffectUtils.RewardAddAnimation" preserve="nothing"/>
		<type fullname="Assets.Wordis.BlockPuzzle.Scripts.GamePlay.Block" preserve="nothing"/>
		<type fullname="Assets.Wordis.BlockPuzzle.Scripts.GamePlay.BoardGenerator" preserve="nothing"/>
		<type fullname="Assets.Wordis.BlockPuzzle.Scripts.GamePlay.GameBoard" preserve="nothing"/>
		<type fullname="Assets.Wordis.BlockPuzzle.Scripts.GamePlay.GamePlaySettings" preserve="nothing"/>
		<type fullname="Assets.Wordis.BlockPuzzle.Scripts.GamePlay.GamePlayUI" preserve="nothing"/>
		<type fullname="Assets.Wordis.BlockPuzzle.Scripts.GamePlay.GameProgressTracker" preserve="nothing"/>
		<type fullname="Assets.Wordis.BlockPuzzle.Scripts.GamePlay.GamingButtonContainer" preserve="nothing"/>
		<type fullname="Assets.Wordis.BlockPuzzle.Scripts.GamePlay.GamingButtonsController" preserve="nothing"/>
		<type fullname="Assets.Wordis.BlockPuzzle.Scripts.GamePlay.GamingSwipesController" preserve="nothing"/>
		<type fullname="Assets.Wordis.BlockPuzzle.Scripts.GamePlay.InGameMessage" preserve="nothing"/>
		<type fullname="Assets.Wordis.BlockPuzzle.Scripts.GamePlay.ScoreAnimator" preserve="nothing"/>
		<type fullname="Assets.Wordis.BlockPuzzle.Scripts.GamePlay.ScoreManager" preserve="nothing"/>
		<type fullname="Assets.Wordis.BlockPuzzle.Scripts.GamePlay.SwipeManager" preserve="nothing"/>
		<type fullname="Assets.Wordis.BlockPuzzle.Scripts.GamePlay.TimeModeProgresssBar" preserve="nothing"/>
		<type fullname="Assets.Wordis.BlockPuzzle.Scripts.Home.HomeScreen" preserve="nothing"/>
		<type fullname="Assets.Wordis.BlockPuzzle.Scripts.UI.CommonMessageScreen" preserve="nothing"/>
		<type fullname="Assets.Wordis.BlockPuzzle.Scripts.UI.ConsentSetting" preserve="nothing"/>
		<type fullname="Assets.Wordis.BlockPuzzle.Scripts.UI.CurrencyDisplay" preserve="nothing"/>
		<type fullname="Assets.Wordis.BlockPuzzle.Scripts.UI.GameOver" preserve="nothing"/>
		<type fullname="Assets.Wordis.BlockPuzzle.Scripts.UI.LanguageSelection" preserve="nothing"/>
		<type fullname="Assets.Wordis.BlockPuzzle.Scripts.UI.OptionPanel" preserve="nothing"/>
		<type fullname="Assets.Wordis.BlockPuzzle.Scripts.UI.PauseGame" preserve="nothing"/>
		<type fullname="Assets.Wordis.BlockPuzzle.Scripts.UI.PurchaseSuccess" preserve="nothing"/>
		<type fullname="Assets.Wordis.BlockPuzzle.Scripts.UI.RescueGame" preserve="nothing"/>
		<type fullname="Assets.Wordis.BlockPuzzle.Scripts.UI.ReviewAppScreen" preserve="nothing"/>
		<type fullname="Assets.Wordis.BlockPuzzle.Scripts.UI.SelectLevel" preserve="nothing"/>
		<type fullname="Assets.Wordis.BlockPuzzle.Scripts.UI.SelectRatingStars" preserve="nothing"/>
		<type fullname="Assets.Wordis.BlockPuzzle.Scripts.UI.SelectTheme" preserve="nothing"/>
		<type fullname="Assets.Wordis.BlockPuzzle.Scripts.UI.SettingsScreen" preserve="nothing"/>
		<type fullname="Assets.Wordis.BlockPuzzle.Scripts.UI.ShopScreen" preserve="nothing"/>
		<type fullname="Assets.Wordis.BlockPuzzle.Scripts.UI.Statistics" preserve="nothing"/>
		<type fullname="Assets.Wordis.BlockPuzzle.Scripts.UI.TipView" preserve="nothing"/>
		<type fullname="Assets.Wordis.BlockPuzzle.Scripts.UI.Utils.LanguageButton" preserve="nothing"/>
		<type fullname="Assets.Wordis.BlockPuzzle.Scripts.UI.Utils.MusicButton" preserve="nothing"/>
		<type fullname="Assets.Wordis.BlockPuzzle.Scripts.UI.Utils.NotificationButton" preserve="nothing"/>
		<type fullname="Assets.Wordis.BlockPuzzle.Scripts.UI.Utils.ShopButton" preserve="nothing"/>
		<type fullname="Assets.Wordis.BlockPuzzle.Scripts.UI.Utils.SoundButton" preserve="nothing"/>
		<type fullname="Assets.Wordis.BlockPuzzle.Scripts.UI.Utils.ThemeButton" preserve="nothing"/>
		<type fullname="Assets.Wordis.BlockPuzzle.Scripts.UI.Utils.VibrationButton" preserve="nothing"/>
		<type fullname="Assets.Wordis.Frameworks.AppSettings.Scripts.AppSettings" preserve="nothing"/>
		<type fullname="Assets.Wordis.Frameworks.InputManager.Scripts.InputManager" preserve="nothing"/>
		<type fullname="Assets.Wordis.Frameworks.Localization.Scripts.LocalizationManager" preserve="nothing"/>
		<type fullname="Assets.Wordis.Frameworks.Localization.Scripts.LocalizationSettings" preserve="nothing"/>
		<type fullname="Assets.Wordis.Frameworks.Localization.Scripts.LocalizedText" preserve="nothing"/>
		<type fullname="Assets.Wordis.Frameworks.Localization.Scripts.LocalizedTextFormatted" preserve="nothing"/>
		<type fullname="Assets.Wordis.Frameworks.MobileAds.AdSettings.Scripts.AdSettings" preserve="nothing"/>
		<type fullname="Assets.Wordis.Frameworks.MobileAds.AppLovinMax.Scripts.AppLovinAdsSettings" preserve="nothing"/>
		<type fullname="Assets.Wordis.Frameworks.MobileAds.GoogleMobileAds.Scripts.GoogleMobileAdsSettings" preserve="nothing"/>
		<type fullname="Assets.Wordis.Frameworks.MobileAds.IronSource.Scripts.IronSourceAdsSettings" preserve="nothing"/>
		<type fullname="Assets.Wordis.Frameworks.MobileAds.UnityAds.Scripts.UnityAdsSettings" preserve="nothing"/>
		<type fullname="Assets.Wordis.Frameworks.MobileAds._Common.AdManager" preserve="nothing"/>
		<type fullname="Assets.Wordis.Frameworks.ThemeManager.Scripts.ThemeManager" preserve="nothing"/>
		<type fullname="Assets.Wordis.Frameworks.ThemeManager.Scripts.UITheme" preserve="nothing"/>
		<type fullname="Assets.Wordis.Frameworks.ThemeManager.Scripts.UIThemeSettings" preserve="nothing"/>
		<type fullname="Assets.Wordis.Frameworks.ThemeManager.Scripts.Utils.ImageColorTag" preserve="nothing"/>
		<type fullname="Assets.Wordis.Frameworks.ThemeManager.Scripts.Utils.TextColorTag" preserve="nothing"/>
		<type fullname="Assets.Wordis.Frameworks.UnityIAP.Scripts.IAPManager" preserve="nothing"/>
		<type fullname="Assets.Wordis.Frameworks.UnityIAP.Scripts.IAPProducts" preserve="nothing"/>
		<type fullname="Assets.Wordis.Frameworks.UnityIAP.Scripts.SandboxPurchaseScreen" preserve="nothing"/>
		<type fullname="Assets.Wordis.Frameworks.UnityIAP.Scripts.UnityIAPButton" preserve="nothing"/>
	</assembly>
	<assembly fullname="Unity.TextMeshPro">
		<type fullname="TMPro.TMP_FontAsset" preserve="nothing"/>
		<type fullname="TMPro.TMP_Settings" preserve="nothing"/>
		<type fullname="TMPro.TMP_SpriteAsset" preserve="nothing"/>
		<type fullname="TMPro.TMP_StyleSheet" preserve="nothing"/>
		<type fullname="TMPro.TextMeshProUGUI" preserve="nothing"/>
	</assembly>
	<assembly fullname="UnityEngine.UI">
		<type fullname="UnityEngine.EventSystems.EventSystem" preserve="nothing"/>
		<type fullname="UnityEngine.EventSystems.StandaloneInputModule" preserve="nothing"/>
		<type fullname="UnityEngine.UI.Button" preserve="nothing"/>
		<type fullname="UnityEngine.UI.CanvasScaler" preserve="nothing"/>
		<type fullname="UnityEngine.UI.ContentSizeFitter" preserve="nothing"/>
		<type fullname="UnityEngine.UI.GraphicRaycaster" preserve="nothing"/>
		<type fullname="UnityEngine.UI.HorizontalLayoutGroup" preserve="nothing"/>
		<type fullname="UnityEngine.UI.Image" preserve="nothing"/>
		<type fullname="UnityEngine.UI.Mask" preserve="nothing"/>
		<type fullname="UnityEngine.UI.Outline" preserve="nothing"/>
		<type fullname="UnityEngine.UI.RectMask2D" preserve="nothing"/>
		<type fullname="UnityEngine.UI.ScrollRect" preserve="nothing"/>
		<type fullname="UnityEngine.UI.Shadow" preserve="nothing"/>
		<type fullname="UnityEngine.UI.Text" preserve="nothing"/>
		<type fullname="UnityEngine.UI.VerticalLayoutGroup" preserve="nothing"/>
	</assembly>
</linker>
