{"report":{"modules":[{"name":"Animation","dependencies":[{"name":"AnimationClip","scenes":["Assets/Wordis/BlockPuzzle/Scenes/Main.unity"],"dependencyType":0,"icon":null},{"name":"Animator","scenes":["Assets/Wordis/BlockPuzzle/Scenes/Main.unity"],"dependencyType":0,"icon":null},{"name":"AnimatorController","scenes":["Assets/Wordis/BlockPuzzle/Scenes/Main.unity"],"dependencyType":1,"icon":null},{"name":"AnimatorOverrideController","scenes":[],"dependencyType":0,"icon":null},{"name":"Motion","scenes":[],"dependencyType":1,"icon":null},{"name":"RuntimeAnimatorController","scenes":["Assets/Wordis/BlockPuzzle/Scenes/Main.unity"],"dependencyType":0,"icon":null}]},{"name":"Audio","dependencies":[{"name":"AudioBehaviour","scenes":["Assets/Wordis/BlockPuzzle/Scenes/Main.unity"],"dependencyType":0,"icon":null},{"name":"AudioClip","scenes":["Assets/Wordis/BlockPuzzle/Scenes/Main.unity"],"dependencyType":0,"icon":null},{"name":"AudioListener","scenes":["Assets/Wordis/BlockPuzzle/Scenes/Main.unity"],"dependencyType":0,"icon":null},{"name":"AudioManager","scenes":[],"dependencyType":1,"icon":null},{"name":"AudioSource","scenes":["Assets/Wordis/BlockPuzzle/Scenes/Main.unity"],"dependencyType":0,"icon":null},{"name":"SampleClip","scenes":["Assets/Wordis/BlockPuzzle/Scenes/Main.unity"],"dependencyType":1,"icon":null}]},{"name":"Core","dependencies":[{"name":"Behaviour","scenes":[],"dependencyType":1,"icon":null},{"name":"BuildSettings","scenes":[],"dependencyType":1,"icon":null},{"name":"Camera","scenes":["Assets/Wordis/BlockPuzzle/Scenes/Main.unity"],"dependencyType":0,"icon":null},{"name":"Component","scenes":[],"dependencyType":1,"icon":null},{"name":"ComputeShader","scenes":[],"dependencyType":0,"icon":null},{"name":"Cubemap","scenes":[],"dependencyType":0,"icon":null},{"name":"CubemapArray","scenes":[],"dependencyType":0,"icon":null},{"name":"DelayedCallManager","scenes":[],"dependencyType":1,"icon":null},{"name":"EditorExtension","scenes":[],"dependencyType":1,"icon":null},{"name":"GameManager","scenes":[],"dependencyType":1,"icon":null},{"name":"GameObject","scenes":["Assets/Wordis/BlockPuzzle/Scenes/Main.unity"],"dependencyType":0,"icon":null},{"name":"GlobalGameManager","scenes":[],"dependencyType":1,"icon":null},{"name":"GraphicsSettings","scenes":[],"dependencyType":0,"icon":null},{"name":"InputManager","scenes":[],"dependencyType":1,"icon":null},{"name":"LevelGameManager","scenes":[],"dependencyType":1,"icon":null},{"name":"Light","scenes":[],"dependencyType":0,"icon":null},{"name":"LightmapSettings","scenes":["Assets/Wordis/BlockPuzzle/Scenes/Main.unity"],"dependencyType":0,"icon":null},{"name":"LowerResBlitTexture","scenes":[],"dependencyType":0,"icon":null},{"name":"Material","scenes":["Assets/Wordis/BlockPuzzle/Scenes/Main.unity"],"dependencyType":0,"icon":null},{"name":"Mesh","scenes":["Assets/Wordis/BlockPuzzle/Scenes/Main.unity"],"dependencyType":0,"icon":null},{"name":"MeshFilter","scenes":[],"dependencyType":0,"icon":null},{"name":"MeshRenderer","scenes":["Assets/Wordis/BlockPuzzle/Scenes/Main.unity"],"dependencyType":0,"icon":null},{"name":"MonoBehaviour","scenes":["Assets/Wordis/BlockPuzzle/Scenes/Main.unity"],"dependencyType":0,"icon":null},{"name":"MonoManager","scenes":[],"dependencyType":1,"icon":null},{"name":"MonoScript","scenes":["Assets/Wordis/BlockPuzzle/Scenes/Main.unity"],"dependencyType":1,"icon":null},{"name":"NamedObject","scenes":["Assets/Wordis/BlockPuzzle/Scenes/Main.unity"],"dependencyType":1,"icon":null},{"name":"Object","scenes":["Assets/Wordis/BlockPuzzle/Scenes/Main.unity"],"dependencyType":0,"icon":null},{"name":"PlayerSettings","scenes":[],"dependencyType":1,"icon":null},{"name":"PreloadData","scenes":[],"dependencyType":0,"icon":null},{"name":"QualitySettings","scenes":[],"dependencyType":0,"icon":null},{"name":"RectTransform","scenes":["Assets/Wordis/BlockPuzzle/Scenes/Main.unity"],"dependencyType":0,"icon":null},{"name":"ReflectionProbe","scenes":[],"dependencyType":0,"icon":null},{"name":"Renderer","scenes":[],"dependencyType":1,"icon":null},{"name":"RenderSettings","scenes":["Assets/Wordis/BlockPuzzle/Scenes/Main.unity"],"dependencyType":0,"icon":null},{"name":"RenderTexture","scenes":[],"dependencyType":0,"icon":null},{"name":"ResourceManager","scenes":[],"dependencyType":1,"icon":null},{"name":"RuntimeInitializeOnLoadManager","scenes":[],"dependencyType":1,"icon":null},{"name":"ScriptMapper","scenes":[],"dependencyType":1,"icon":null},{"name":"Shader","scenes":["Assets/Wordis/BlockPuzzle/Scenes/Main.unity"],"dependencyType":0,"icon":null},{"name":"Sprite","scenes":["Assets/Wordis/BlockPuzzle/Scenes/Main.unity"],"dependencyType":0,"icon":null},{"name":"SpriteAtlas","scenes":[],"dependencyType":0,"icon":null},{"name":"SpriteRenderer","scenes":[],"dependencyType":0,"icon":null},{"name":"TagManager","scenes":[],"dependencyType":1,"icon":null},{"name":"TextAsset","scenes":["Assets/Wordis/BlockPuzzle/Scenes/Main.unity"],"dependencyType":0,"icon":null},{"name":"Texture","scenes":[],"dependencyType":1,"icon":null},{"name":"Texture2D","scenes":["Assets/Wordis/BlockPuzzle/Scenes/Main.unity"],"dependencyType":0,"icon":null},{"name":"Texture2DArray","scenes":[],"dependencyType":0,"icon":null},{"name":"Texture3D","scenes":[],"dependencyType":0,"icon":null},{"name":"TimeManager","scenes":[],"dependencyType":1,"icon":null},{"name":"Transform","scenes":[],"dependencyType":1,"icon":null},{"name":"Required by Animation Module","scenes":[],"dependencyType":2,"icon":"package/com.unity.modules.animation"},{"name":"Required by Audio Module","scenes":[],"dependencyType":2,"icon":"package/com.unity.modules.audio"},{"name":"Required by CrashReporting Module","scenes":[],"dependencyType":2,"icon":"package/com.unity.modules.crashreporting"},{"name":"Required by GameCenter Module","scenes":[],"dependencyType":2,"icon":"package/com.unity.modules.gamecenter"},{"name":"Required by ImageConversion Module","scenes":[],"dependencyType":2,"icon":"package/com.unity.modules.imageconversion"},{"name":"Required by IMGUI Module","scenes":[],"dependencyType":2,"icon":"package/com.unity.modules.imgui"},{"name":"Required by InputLegacy Module","scenes":[],"dependencyType":2,"icon":"package/com.unity.modules.inputlegacy"},{"name":"Required by JSONSerialize Module","scenes":[],"dependencyType":2,"icon":"package/com.unity.modules.jsonserialize"},{"name":"Required by ParticleSystem Module","scenes":[],"dependencyType":2,"icon":"package/com.unity.modules.particlesystem"},{"name":"Required by PerformanceReporting Module","scenes":[],"dependencyType":2,"icon":"package/com.unity.modules.performancereporting"},{"name":"Required by Physics2D Module","scenes":[],"dependencyType":2,"icon":"package/com.unity.modules.physics2d"},{"name":"Required by TextCore Module","scenes":[],"dependencyType":2,"icon":"package/com.unity.modules.textcore"},{"name":"Required by TextRendering Module","scenes":[],"dependencyType":2,"icon":"package/com.unity.modules.textrendering"},{"name":"Required by TLS Module","scenes":[],"dependencyType":2,"icon":"package/com.unity.modules.tls"},{"name":"Required by UI Module","scenes":[],"dependencyType":2,"icon":"package/com.unity.modules.ui"},{"name":"Required by UnityAnalytics Module","scenes":[],"dependencyType":2,"icon":"package/com.unity.modules.unityanalytics"},{"name":"Required by UnityConnect Module","scenes":[],"dependencyType":2,"icon":"package/com.unity.modules.unityconnect"},{"name":"Required by UnityWebRequest Module","scenes":[],"dependencyType":2,"icon":"package/com.unity.modules.unitywebrequest"}]},{"name":"CrashReporting","dependencies":[{"name":"Required by Crash Reporting Service (See Services Window)","scenes":[],"dependencyType":3,"icon":"class/PlayerSettings"}]},{"name":"GameCenter","dependencies":[]},{"name":"ImageConversion","dependencies":[{"name":"Required by GameCenter Module","scenes":[],"dependencyType":2,"icon":"package/com.unity.modules.gamecenter"}]},{"name":"IMGUI","dependencies":[]},{"name":"InputLegacy","dependencies":[{"name":"Required by IMGUI Module","scenes":[],"dependencyType":2,"icon":"package/com.unity.modules.imgui"}]},{"name":"JSONSerialize","dependencies":[{"name":"Required by CrashReporting Module","scenes":[],"dependencyType":2,"icon":"package/com.unity.modules.crashreporting"},{"name":"Required by PerformanceReporting Module","scenes":[],"dependencyType":2,"icon":"package/com.unity.modules.performancereporting"},{"name":"Required by UnityAnalytics Module","scenes":[],"dependencyType":2,"icon":"package/com.unity.modules.unityanalytics"}]},{"name":"ParticleSystem","dependencies":[{"name":"ParticleSystem","scenes":["Assets/Wordis/BlockPuzzle/Scenes/Main.unity"],"dependencyType":0,"icon":null},{"name":"ParticleSystemRenderer","scenes":["Assets/Wordis/BlockPuzzle/Scenes/Main.unity"],"dependencyType":0,"icon":null}]},{"name":"PerformanceReporting","dependencies":[{"name":"Required by Analytics Performance Reporting (See Analytics Services Window)","scenes":[],"dependencyType":3,"icon":"class/PlayerSettings"},{"name":"Required by UnityAnalytics Module","scenes":[],"dependencyType":2,"icon":"package/com.unity.modules.unityanalytics"}]},{"name":"Physics2D","dependencies":[{"name":"BoxCollider2D","scenes":["Assets/Wordis/BlockPuzzle/Scenes/Main.unity"],"dependencyType":0,"icon":null},{"name":"Collider2D","scenes":[],"dependencyType":1,"icon":null},{"name":"Physics2DSettings","scenes":[],"dependencyType":1,"icon":null}]},{"name":"SharedInternals","dependencies":[{"name":"Required by Animation Module","scenes":[],"dependencyType":2,"icon":"package/com.unity.modules.animation"},{"name":"Required by Audio Module","scenes":[],"dependencyType":2,"icon":"package/com.unity.modules.audio"},{"name":"Required by Core Module","scenes":[],"dependencyType":2,"icon":"package/com.unity.modules.core"},{"name":"Required by CrashReporting Module","scenes":[],"dependencyType":2,"icon":"package/com.unity.modules.crashreporting"},{"name":"Required by GameCenter Module","scenes":[],"dependencyType":2,"icon":"package/com.unity.modules.gamecenter"},{"name":"Required by ImageConversion Module","scenes":[],"dependencyType":2,"icon":"package/com.unity.modules.imageconversion"},{"name":"Required by IMGUI Module","scenes":[],"dependencyType":2,"icon":"package/com.unity.modules.imgui"},{"name":"Required by InputLegacy Module","scenes":[],"dependencyType":2,"icon":"package/com.unity.modules.inputlegacy"},{"name":"Required by JSONSerialize Module","scenes":[],"dependencyType":2,"icon":"package/com.unity.modules.jsonserialize"},{"name":"Required by ParticleSystem Module","scenes":[],"dependencyType":2,"icon":"package/com.unity.modules.particlesystem"},{"name":"Required by PerformanceReporting Module","scenes":[],"dependencyType":2,"icon":"package/com.unity.modules.performancereporting"},{"name":"Required by Physics2D Module","scenes":[],"dependencyType":2,"icon":"package/com.unity.modules.physics2d"},{"name":"Required by TextCore Module","scenes":[],"dependencyType":2,"icon":"package/com.unity.modules.textcore"},{"name":"Required by TextRendering Module","scenes":[],"dependencyType":2,"icon":"package/com.unity.modules.textrendering"},{"name":"Required by TLS Module","scenes":[],"dependencyType":2,"icon":"package/com.unity.modules.tls"},{"name":"Required by UI Module","scenes":[],"dependencyType":2,"icon":"package/com.unity.modules.ui"},{"name":"Required by UnityAnalytics Module","scenes":[],"dependencyType":2,"icon":"package/com.unity.modules.unityanalytics"},{"name":"Required by UnityConnect Module","scenes":[],"dependencyType":2,"icon":"package/com.unity.modules.unityconnect"},{"name":"Required by UnityWebRequest Module","scenes":[],"dependencyType":2,"icon":"package/com.unity.modules.unitywebrequest"}]},{"name":"TextCore","dependencies":[]},{"name":"TextRendering","dependencies":[{"name":"Font","scenes":["Assets/Wordis/BlockPuzzle/Scenes/Main.unity"],"dependencyType":0,"icon":null},{"name":"TextMesh","scenes":["Assets/Wordis/BlockPuzzle/Scenes/Main.unity"],"dependencyType":0,"icon":null},{"name":"Required by IMGUI Module","scenes":[],"dependencyType":2,"icon":"package/com.unity.modules.imgui"},{"name":"Required by TextCore Module","scenes":[],"dependencyType":2,"icon":"package/com.unity.modules.textcore"},{"name":"Required by UI Module","scenes":[],"dependencyType":2,"icon":"package/com.unity.modules.ui"}]},{"name":"TLS","dependencies":[{"name":"Required by UnityWebRequest Module","scenes":[],"dependencyType":2,"icon":"package/com.unity.modules.unitywebrequest"}]},{"name":"UI","dependencies":[{"name":"Canvas","scenes":["Assets/Wordis/BlockPuzzle/Scenes/Main.unity"],"dependencyType":0,"icon":null},{"name":"CanvasGroup","scenes":["Assets/Wordis/BlockPuzzle/Scenes/Main.unity"],"dependencyType":0,"icon":null},{"name":"CanvasRenderer","scenes":["Assets/Wordis/BlockPuzzle/Scenes/Main.unity"],"dependencyType":0,"icon":null}]},{"name":"UnityAnalytics","dependencies":[{"name":"Required by Analytics Performance Reporting (See Analytics Services Window)","scenes":[],"dependencyType":3,"icon":"class/PlayerSettings"},{"name":"Required by CrashReporting Module","scenes":[],"dependencyType":2,"icon":"package/com.unity.modules.crashreporting"},{"name":"Required by PerformanceReporting Module","scenes":[],"dependencyType":2,"icon":"package/com.unity.modules.performancereporting"},{"name":"Required by UnityAnalytics (See Services Window)","scenes":[],"dependencyType":3,"icon":"class/PlayerSettings"}]},{"name":"UnityConnect","dependencies":[{"name":"UnityConnectSettings","scenes":[],"dependencyType":1,"icon":null},{"name":"Required by CrashReporting Module","scenes":[],"dependencyType":2,"icon":"package/com.unity.modules.crashreporting"},{"name":"Required by PerformanceReporting Module","scenes":[],"dependencyType":2,"icon":"package/com.unity.modules.performancereporting"},{"name":"Required by UnityAnalytics (See Services Window)","scenes":[],"dependencyType":3,"icon":"class/PlayerSettings"},{"name":"Required by UnityAnalytics Module","scenes":[],"dependencyType":2,"icon":"package/com.unity.modules.unityanalytics"}]},{"name":"UnityWebRequest","dependencies":[{"name":"Required by CrashReporting Module","scenes":[],"dependencyType":2,"icon":"package/com.unity.modules.crashreporting"},{"name":"Required by UnityAnalytics Module","scenes":[],"dependencyType":2,"icon":"package/com.unity.modules.unityanalytics"}]}]}}